{
  "markers": [
    {
      "name": "某某地市",
      "value": 10,
      "position": [106.715963, 26.573743]
    },
    {
      "name": "某某地市",
      "value": 10,
      "position": [107.715963, 26.573743]
    },
    {
      "name": "某某地市",
      "value": 10,
      "position": [106.715963, 26.173743]
    }
  ]
}
